{
    "Full Sized International":[
        [{"key":"ESC"}, {"width":1}, {"key":"FK01"}, {"key":"FK02"}, {"key":"FK03"}, {"key":"FK04"}, {"width":0.5}, {"key":"FK05"}, {"key":"FK06"}, {"key":"FK07"}, {"key":"FK08"}, {"width":0.5}, {"key":"FK09"}, {"key":"FK10"}, {"key":"FK11"}, {"key":"FK12"}, {"key":"PRSC"}, {"key":"SCLK"}, {"key":"PAUS"}, {"width":4}], 
        [{"key":"TLDE"}, {"key":"AE01"}, {"key":"AE02"}, {"key":"AE03"}, {"key":"AE04"}, {"key":"AE05"}, {"key":"AE06"}, {"key":"AE07"}, {"key":"AE08"}, {"key":"AE09"}, {"key":"AE10"}, {"key":"AE11"}, {"key":"AE12"}, {"key":"BKSP", "width":2}, {"key":"INS"}, {"key":"HOME"}, {"key":"PGUP"}, {"key":"NMLK"}, {"key":"KPDV"}, {"key":"KPMU"}, {"key":"KPSU"}], 
        [{"key":"TAB", "width":1.5}, {"key":"AD01"}, {"key":"AD02"}, {"key":"AD03"}, {"key":"AD04"}, {"key":"AD05"}, {"key":"AD06"}, {"key":"AD07"}, {"key":"AD08"}, {"key":"AD09"}, {"key":"AD10"}, {"key":"AD11"}, {"key":"AD12"}, {"key":"RTRN", "width":1.5, "height":2}, {"key":"DELE"}, {"key":"END"}, {"key":"PGDN"}, {"key":"KP7"}, {"key":"KP8"}, {"key":"KP9"}, {"key":"KPAD", "width":1, "height":2}], 
        [{"key":"CAPS", "width":2}, {"key":"AC01"}, {"key":"AC02"}, {"key":"AC03"}, {"key":"AC04"}, {"key":"AC05"}, {"key":"AC06"}, {"key":"AC07"}, {"key":"AC08"}, {"key":"AC09"}, {"key":"AC10"}, {"key":"AC11"}, {"key":"BKSL", "width":0.5}, {"width":1.5}, {"width":3}, {"key":"KP4"}, {"key":"KP5"}, {"key":"KP6"}, {"width":1}], 
        [{"key":"LFSH", "width":2}, {"key":"LSGT"}, {"key":"AB01"}, {"key":"AB02"}, {"key":"AB03"}, {"key":"AB04"}, {"key":"AB05"}, {"key":"AB06"}, {"key":"AB07"}, {"key":"AB08"}, {"key":"AB09"}, {"key":"AB10"}, {"key":"RTSH", "width":2}, {"width":1}, {"key":"UP"}, {"width":1}, {"key":"KP1"}, {"key":"KP2"}, {"key":"KP3"}, {"key":"KPEN", "height":2}], 
        [{"key":"LCTL"}, {"key":"LWIN"}, {"key":"LALT"}, {"key":"SPCE", "width":10}, {"key":"RALT"}, {"key":"RCTL"}, {"key":"LEFT"}, {"key":"DOWN"}, {"key":"RGHT"}, {"key":"KP0", "width":2}, {"key":"KPDL"}, {"width":1}]
    ],

    "Full Sized US":[
        [{"key":"ESC"}, {"width":1}, {"key":"FK01"}, {"key":"FK02"}, {"key":"FK03"}, {"key":"FK04"}, {"width":0.5}, {"key":"FK05"}, {"key":"FK06"}, {"key":"FK07"}, {"key":"FK08"}, {"width":0.5}, {"key":"FK09"}, {"key":"FK10"}, {"key":"FK11"}, {"key":"FK12"}, {"key":"PRSC"}, {"key":"SCLK"}, {"key":"PAUS"}, {"width":4}], 
        [{"key":"TLDE"}, {"key":"AE01"}, {"key":"AE02"}, {"key":"AE03"}, {"key":"AE04"}, {"key":"AE05"}, {"key":"AE06"}, {"key":"AE07"}, {"key":"AE08"}, {"key":"AE09"}, {"key":"AE10"}, {"key":"AE11"}, {"key":"AE12"}, {"key":"BKSP", "width":2}, {"key":"INS"}, {"key":"HOME"}, {"key":"PGUP"}, {"key":"NMLK"}, {"key":"KPDV"}, {"key":"KPMU"}, {"key":"KPSU"}], 
        [{"key":"TAB", "width":1.5}, {"key":"AD01"}, {"key":"AD02"}, {"key":"AD03"}, {"key":"AD04"}, {"key":"AD05"}, {"key":"AD06"}, {"key":"AD07"}, {"key":"AD08"}, {"key":"AD09"}, {"key":"AD10"}, {"key":"AD11"}, {"key":"AD12"}, {"key":"BKSL", "width":1.5}, {"key":"DELE"}, {"key":"END"}, {"key":"PGDN"}, {"key":"KP7"}, {"key":"KP8"}, {"key":"KP9"}, {"key":"KPAD", "width":1, "height":2}], 
        [{"key":"CAPS", "width":2}, {"key":"AC01"}, {"key":"AC02"}, {"key":"AC03"}, {"key":"AC04"}, {"key":"AC05"}, {"key":"AC06"}, {"key":"AC07"}, {"key":"AC08"}, {"key":"AC09"}, {"key":"AC10"}, {"key":"AC11"}, {"key": "RTRN", "width": 2}, {"width":3}, {"key":"KP4"}, {"key":"KP5"}, {"key":"KP6"}, {"width":1}], 
        [{"key":"LFSH", "width":2}, {"key":"LSGT"}, {"key":"AB01"}, {"key":"AB02"}, {"key":"AB03"}, {"key":"AB04"}, {"key":"AB05"}, {"key":"AB06"}, {"key":"AB07"}, {"key":"AB08"}, {"key":"AB09"}, {"key":"AB10"}, {"key":"RTSH", "width":2}, {"width":1}, {"key":"UP"}, {"width":1}, {"key":"KP1"}, {"key":"KP2"}, {"key":"KP3"}, {"key":"KPEN", "height":2}], 
        [{"key":"LCTL"}, {"key":"LWIN"}, {"key":"LALT"}, {"key":"SPCE", "width":10}, {"key":"RALT"}, {"key":"RCTL"}, {"key":"LEFT"}, {"key":"DOWN"}, {"key":"RGHT"}, {"key":"KP0", "width":2}, {"key":"KPDL"}, {"width":1}]
    ],

    "Tenkeyless International":[
        [{"key":"ESC"}, {"width":1}, {"key":"FK01"}, {"key":"FK02"}, {"key":"FK03"}, {"key":"FK04"}, {"width":0.5}, {"key":"FK05"}, {"key":"FK06"}, {"key":"FK07"}, {"key":"FK08"}, {"width":0.5}, {"key":"FK09"}, {"key":"FK10"}, {"key":"FK11"}, {"key":"FK12"}, {"key":"PRSC"}, {"key":"SCLK"}, {"key":"PAUS"}], 
        [{"key":"TLDE"}, {"key":"AE01"}, {"key":"AE02"}, {"key":"AE03"}, {"key":"AE04"}, {"key":"AE05"}, {"key":"AE06"}, {"key":"AE07"}, {"key":"AE08"}, {"key":"AE09"}, {"key":"AE10"}, {"key":"AE11"}, {"key":"AE12"}, {"key":"BKSP", "width":2}, {"key":"INS"}, {"key":"HOME"}, {"key":"PGUP"}], 
        [{"key":"TAB", "width":1.5}, {"key":"AD01"}, {"key":"AD02"}, {"key":"AD03"}, {"key":"AD04"}, {"key":"AD05"}, {"key":"AD06"}, {"key":"AD07"}, {"key":"AD08"}, {"key":"AD09"}, {"key":"AD10"}, {"key":"AD11"}, {"key":"AD12"}, {"key":"RTRN", "width":1.5, "height":2}, {"key":"DELE"}, {"key":"END"}, {"key":"PGDN"}], 
        [{"key":"CAPS", "width":2}, {"key":"AC01"}, {"key":"AC02"}, {"key":"AC03"}, {"key":"AC04"}, {"key":"AC05"}, {"key":"AC06"}, {"key":"AC07"}, {"key":"AC08"}, {"key":"AC09"}, {"key":"AC10"}, {"key":"AC11"}, {"key":"BKSL", "width":0.5}, {"width":1.5}, {"width":3}], 
        [{"key":"LFSH", "width":2}, {"key":"LSGT"}, {"key":"AB01"}, {"key":"AB02"}, {"key":"AB03"}, {"key":"AB04"}, {"key":"AB05"}, {"key":"AB06"}, {"key":"AB07"}, {"key":"AB08"}, {"key":"AB09"}, {"key":"AB10"}, {"key":"RTSH", "width":2}, {"width":1}, {"key":"UP"}, {"width":1}], 
        [{"key":"LCTL"}, {"key":"LWIN"}, {"key":"LALT"}, {"key":"SPCE", "width":10}, {"key":"RALT"}, {"key":"RCTL"}, {"key":"LEFT"}, {"key":"DOWN"}, {"key":"RGHT"}]
    ],

    "Tenkeyless US":[
        [{"key":"ESC"}, {"width":1}, {"key":"FK01"}, {"key":"FK02"}, {"key":"FK03"}, {"key":"FK04"}, {"width":0.5}, {"key":"FK05"}, {"key":"FK06"}, {"key":"FK07"}, {"key":"FK08"}, {"width":0.5}, {"key":"FK09"}, {"key":"FK10"}, {"key":"FK11"}, {"key":"FK12"}, {"key":"PRSC"}, {"key":"SCLK"}, {"key":"PAUS"}], 
        [{"key":"TLDE"}, {"key":"AE01"}, {"key":"AE02"}, {"key":"AE03"}, {"key":"AE04"}, {"key":"AE05"}, {"key":"AE06"}, {"key":"AE07"}, {"key":"AE08"}, {"key":"AE09"}, {"key":"AE10"}, {"key":"AE11"}, {"key":"AE12"}, {"key":"BKSP", "width":2}, {"key":"INS"}, {"key":"HOME"}, {"key":"PGUP"}], 
        [{"key":"TAB", "width":1.5}, {"key":"AD01"}, {"key":"AD02"}, {"key":"AD03"}, {"key":"AD04"}, {"key":"AD05"}, {"key":"AD06"}, {"key":"AD07"}, {"key":"AD08"}, {"key":"AD09"}, {"key":"AD10"}, {"key":"AD11"}, {"key":"AD12"}, {"key":"BKSL", "width":1.5}, {"key":"DELE"}, {"key":"END"}, {"key":"PGDN"}], 
        [{"key":"CAPS", "width":2}, {"key":"AC01"}, {"key":"AC02"}, {"key":"AC03"}, {"key":"AC04"}, {"key":"AC05"}, {"key":"AC06"}, {"key":"AC07"}, {"key":"AC08"}, {"key":"AC09"}, {"key":"AC10"}, {"key":"AC11"}, {"key": "RTRN", "width": 2}, {"width":3}], 
        [{"key":"LFSH", "width":2}, {"key":"LSGT"}, {"key":"AB01"}, {"key":"AB02"}, {"key":"AB03"}, {"key":"AB04"}, {"key":"AB05"}, {"key":"AB06"}, {"key":"AB07"}, {"key":"AB08"}, {"key":"AB09"}, {"key":"AB10"}, {"key":"RTSH", "width":2}, {"width":1}, {"key":"UP"}, {"width":1}], 
        [{"key":"LCTL"}, {"key":"LWIN"}, {"key":"LALT"}, {"key":"SPCE", "width":10}, {"key":"RALT"}, {"key":"RCTL"}, {"key":"LEFT"}, {"key":"DOWN"}, {"key":"RGHT"}]
    ],

    "Compact International":[
        [{"key":"ESC"}, {"key":"FK01"}, {"key":"FK02"}, {"key":"FK03"}, {"key":"FK04"}, {"key":"FK05"}, {"key":"FK06"}, {"key":"FK07"}, {"key":"FK08"}, {"key":"FK09"}, {"key":"FK10"}, {"key":"FK11"}, {"key":"FK12"}, {"key":"PRSC"}, {"key":"DELE"}], 
        [{"key":"TLDE"}, {"key":"AE01"}, {"key":"AE02"}, {"key":"AE03"}, {"key":"AE04"}, {"key":"AE05"}, {"key":"AE06"}, {"key":"AE07"}, {"key":"AE08"}, {"key":"AE09"}, {"key":"AE10"}, {"key":"AE11"}, {"key":"AE12"}, {"key":"BKSP", "width":2}], 
        [{"key":"TAB", "width":1.5}, {"key":"AD01"}, {"key":"AD02"}, {"key":"AD03"}, {"key":"AD04"}, {"key":"AD05"}, {"key":"AD06"}, {"key":"AD07"}, {"key":"AD08"}, {"key":"AD09"}, {"key":"AD10"}, {"key":"AD11"}, {"key":"AD12"}, {"key":"RTRN", "width":1.5, "height":2}], 
        [{"key":"CAPS", "width":2}, {"key":"AC01"}, {"key":"AC02"}, {"key":"AC03"}, {"key":"AC04"}, {"key":"AC05"}, {"key":"AC06"}, {"key":"AC07"}, {"key":"AC08"}, {"key":"AC09"}, {"key":"AC10"}, {"key":"AC11"}, {"key":"BKSL", "width":0.5}, {"width":1.5}], 
        [{"key":"LFSH", "width":2}, {"key":"LSGT"}, {"key":"AB01"}, {"key":"AB02"}, {"key":"AB03"}, {"key":"AB04"}, {"key":"AB05"}, {"key":"AB06"}, {"key":"AB07"}, {"key":"AB08"}, {"key":"AB09"}, {"key":"AB10"}, {"key":"RTSH", "width": 2}], 
        [{"key":"LCTL"}, {"key":"LWIN"}, {"key":"LALT"}, {"key":"SPCE", "width":7}, {"key":"RALT"}, {"key":"RCTL"}, {"key":"LEFT"}, [{"key":"UP", "height": 0.5}, {"key":"DOWN", "height": 0.5}], {"key":"RGHT"}]
    ],

    "Compact US":[
        [{"key":"ESC"}, {"key":"FK01"}, {"key":"FK02"}, {"key":"FK03"}, {"key":"FK04"}, {"key":"FK05"}, {"key":"FK06"}, {"key":"FK07"}, {"key":"FK08"}, {"key":"FK09"}, {"key":"FK10"}, {"key":"FK11"}, {"key":"FK12"}, {"key":"PRSC"}, {"key":"DELE"}], 
        [{"key":"TLDE"}, {"key":"AE01"}, {"key":"AE02"}, {"key":"AE03"}, {"key":"AE04"}, {"key":"AE05"}, {"key":"AE06"}, {"key":"AE07"}, {"key":"AE08"}, {"key":"AE09"}, {"key":"AE10"}, {"key":"AE11"}, {"key":"AE12"}, {"key":"BKSP", "width":2}], 
        [{"key":"TAB", "width":1.5}, {"key":"AD01"}, {"key":"AD02"}, {"key":"AD03"}, {"key":"AD04"}, {"key":"AD05"}, {"key":"AD06"}, {"key":"AD07"}, {"key":"AD08"}, {"key":"AD09"}, {"key":"AD10"}, {"key":"AD11"}, {"key":"AD12"}, {"key":"BKSL", "width":1.5}], 
        [{"key":"CAPS", "width":2}, {"key":"AC01"}, {"key":"AC02"}, {"key":"AC03"}, {"key":"AC04"}, {"key":"AC05"}, {"key":"AC06"}, {"key":"AC07"}, {"key":"AC08"}, {"key":"AC09"}, {"key":"AC10"}, {"key":"AC11"}, {"key": "RTRN", "width": 2}], 
        [{"key":"LFSH", "width":2}, {"key":"LSGT"}, {"key":"AB01"}, {"key":"AB02"}, {"key":"AB03"}, {"key":"AB04"}, {"key":"AB05"}, {"key":"AB06"}, {"key":"AB07"}, {"key":"AB08"}, {"key":"AB09"}, {"key":"AB10"}, {"key":"RTSH", "width": 2}], 
        [{"key":"LCTL"}, {"key":"LWIN"}, {"key":"LALT"}, {"key":"SPCE", "width":7}, {"key":"RALT"}, {"key":"RCTL"}, {"key":"LEFT"}, [{"key":"UP", "height": 0.5}, {"key":"DOWN", "height": 0.5}], {"key":"RGHT"}]
    ],

    "Split International":[
        [{"key":"ESC", "width": 0.5}, {"key":"FK01"}, {"key":"FK02"}, {"key":"FK03"}, {"key":"FK04"}, {"key":"FK05"}, {"key":"FK06"}, {"key":"FK07"}, {"split":true}, {"key":"FK08"}, {"key":"FK09"}, {"key":"FK10"}, {"key":"FK11"}, {"key":"FK12"}, {"key":"PRSC"}, {"key":"DELE"}], 
        [{"key":"TLDE", "width": 1}, {"key":"AE01"}, {"key":"AE02"}, {"key":"AE03"}, {"key":"AE04"}, {"key":"AE05"}, {"key":"AE06"}, {"split":true}, {"key":"AE07"}, {"key":"AE08"}, {"key":"AE09"}, {"key":"AE10"}, {"key":"AE11"}, {"key":"AE12"}, {"key":"BKSP", "width":1.5}], 
        [{"key":"TAB", "width":1.5}, {"key":"AD01"}, {"key":"AD02"}, {"key":"AD03"}, {"key":"AD04"}, {"key":"AD05"}, {"key":"AD06"}, {"split":true}, {"key":"AD07"}, {"key":"AD08"}, {"key":"AD09"}, {"key":"AD10"}, {"key":"AD11"}, {"key":"AD12"}, {"key":"RTRN", "height":2}], 
        [{"key":"CAPS", "width":2}, {"key":"AC01"}, {"key":"AC02"}, {"key":"AC03"}, {"key":"AC04"}, {"key":"AC05"}, {"split":true}, {"key":"AC06"}, {"key":"AC07"}, {"key":"AC08"}, {"key":"AC09"}, {"key":"AC10"}, {"key":"AC11"}, {"key":"BKSL", "width":0.5}, {"width":1}], 
        [{"key":"LFSH", "width":2}, {"key":"LSGT"}, {"key":"AB01"}, {"key":"AB02"}, {"key":"AB03"}, {"key":"AB04"}, {"split":true}, {"key":"AB05"}, {"key":"AB06"}, {"key":"AB07"}, {"key":"AB08"}, {"key":"AB09"}, {"key":"AB10"}, {"key":"RTSH", "width": 1.5}], 
        [{"key":"LCTL"}, {"key":"LWIN"}, {"key":"LALT"}, {"key":"SPCE", "width":4}, {"split":true}, {"key":"SPCE", "width":2.5}, {"key":"RALT"}, {"key":"RCTL"}, {"key":"LEFT"}, [{"key":"UP", "height": 0.5}, {"key":"DOWN", "height": 0.5}], {"key":"RGHT"}]
    ],

    "Split US":[
        [{"key":"ESC", "width": 0.5}, {"key":"FK01"}, {"key":"FK02"}, {"key":"FK03"}, {"key":"FK04"}, {"key":"FK05"}, {"key":"FK06"}, {"key":"FK07"}, {"split":true}, {"key":"FK08"}, {"key":"FK09"}, {"key":"FK10"}, {"key":"FK11"}, {"key":"FK12"}, {"key":"PRSC"}, {"key":"DELE"}], 
        [{"key":"TLDE", "width": 1}, {"key":"AE01"}, {"key":"AE02"}, {"key":"AE03"}, {"key":"AE04"}, {"key":"AE05"}, {"key":"AE06"}, {"split":true}, {"key":"AE07"}, {"key":"AE08"}, {"key":"AE09"}, {"key":"AE10"}, {"key":"AE11"}, {"key":"AE12"}, {"key":"BKSP", "width":1.5}], 
        [{"key":"TAB", "width":1.5}, {"key":"AD01"}, {"key":"AD02"}, {"key":"AD03"}, {"key":"AD04"}, {"key":"AD05"}, {"key":"AD06"}, {"split":true}, {"key":"AD07"}, {"key":"AD08"}, {"key":"AD09"}, {"key":"AD10"}, {"key":"AD11"}, {"key":"AD12"}, {"key":"BKSL"}], 
        [{"key":"CAPS", "width":2}, {"key":"AC01"}, {"key":"AC02"}, {"key":"AC03"}, {"key":"AC04"}, {"key":"AC05"}, {"split":true}, {"key":"AC06"}, {"key":"AC07"}, {"key":"AC08"}, {"key":"AC09"}, {"key":"AC10"}, {"key":"AC11"}, {"key": "RTRN", "width": 1.5}], 
        [{"key":"LFSH", "width":2}, {"key":"LSGT"}, {"key":"AB01"}, {"key":"AB02"}, {"key":"AB03"}, {"key":"AB04"}, {"split":true}, {"key":"AB05"}, {"key":"AB06"}, {"key":"AB07"}, {"key":"AB08"}, {"key":"AB09"}, {"key":"AB10"}, {"key":"RTSH", "width": 1.5}], 
        [{"key":"LCTL"}, {"key":"LWIN"}, {"key":"LALT"}, {"key":"SPCE", "width":4}, {"split":true}, {"key":"SPCE", "width":2.5}, {"key":"RALT"}, {"key":"RCTL"}, {"key":"LEFT"}, [{"key":"UP", "height": 0.5}, {"key":"DOWN", "height": 0.5}], {"key":"RGHT"}]
    ],

    "Mobile": [
        [{"key":"TLDE", "width": 2}, {"key":"TAB", "width": 2}, {"key":"ESC", "width": 2}, {"key":"FK01", "width": 2}, {"key":"FK02", "width": 2}, {"key":"FK03", "width": 2}, {"key":"FK04", "width": 2}, {"key":"FK05", "width": 2}, {"key":"FK06", "width": 2}, {"key":"FK07", "width": 2}, {"key":"FK08", "width": 2}, {"key":"FK09", "width": 2}, {"key":"FK10", "width": 2}, {"key":"FK11", "width": 2}, {"key":"FK12", "width": 2}, {"key":"PRSC", "width": 2}, {"key":"DELE", "width": 2}, {"key":"BKSL", "width": 2}],
        [{"key":"AE11", "width": 3}, {"key":"AE01", "width": 3}, {"key":"AE02", "width": 3}, {"key":"AE03", "width": 3}, {"key":"AE04", "width": 3}, {"key":"AE05", "width": 3}, {"key":"AE06", "width": 3}, {"key":"AE07", "width": 3}, {"key":"AE08", "width": 3}, {"key":"AE09", "width": 3}, {"key":"AE10", "width": 3}, {"key":"AE12", "width": 3}],
        [{"key":"AD11", "width": 3}, {"key":"AD01", "width": 3}, {"key":"AD02", "width": 3}, {"key":"AD03", "width": 3}, {"key":"AD04", "width": 3}, {"key":"AD05", "width": 3}, {"key":"AD06", "width": 3}, {"key":"AD07", "width": 3}, {"key":"AD08", "width": 3}, {"key":"AD09", "width": 3}, {"key":"AD10", "width": 3}, {"key":"AD12", "width": 3}],
        [{"width": 1.5}, {"key":"AC10", "width": 3}, {"key":"AC01", "width": 3}, {"key":"AC02", "width": 3}, {"key":"AC03", "width": 3}, {"key":"AC04", "width": 3}, {"key":"AC05", "width": 3}, {"key":"AC06", "width": 3}, {"key":"AC07", "width": 3}, {"key":"AC08", "width": 3}, {"key":"AC09", "width": 3}, {"key":"AC11", "width": 3}],
        [{"key":"LFSH", "width": 2.5}, {"key":"LSGT", "width": 2}, {"key":"AB08", "width": 3}, {"key":"AB01", "width": 3}, {"key":"AB02", "width": 3}, {"key":"AB03", "width": 3}, {"key":"AB04", "width": 3}, {"key":"AB05", "width": 3}, {"key":"AB06", "width": 3}, {"key":"AB07", "width": 3}, {"key":"AB09", "width": 3}, {"key":"AB10", "width": 2}, {"key": "BKSP", "width": 2.5}],
        [{"key":"CAPS", "width": 2.5}, {"key":"LCTL", "width": 2.5}, {"key":"LWIN", "width": 2.5}, {"key":"LALT", "width": 2.5}, {"key":"SPCE", "width":10}, {"key":"RALT", "width": 2.5}, {"key":"RCTL", "width": 2.5}, {"key":"LEFT", "width": 2.5}, [{"key":"UP", "width": 2.5, "height": 0.5}, {"key":"DOWN", "width": 2.5, "height": 0.5}], {"key":"RGHT", "width": 2.5}, {"key":"RTRN", "width": 3.5}]
    ],

    "Split Mobile": [
        [{"key":"TLDE", "width": 2}, {"key":"TAB", "width": 2}, {"key":"ESC", "width": 2}, {"key":"FK01", "width": 2}, {"key":"FK02", "width": 2}, {"key":"FK03", "width": 2}, {"key":"FK04", "width": 2}, {"key":"FK05", "width": 2}, {"key":"FK06", "width": 2}, {"split":true}, {"key":"FK07", "width": 2}, {"key":"FK08", "width": 2}, {"key":"FK09", "width": 2}, {"key":"FK10", "width": 2}, {"key":"FK11", "width": 2}, {"key":"FK12", "width": 2}, {"key":"PRSC", "width": 2}, {"key":"DELE", "width": 3}, {"key":"BKSL", "width": 2.5}],
        [{"key":"AE11", "width": 3}, {"key":"AE01", "width": 3}, {"key":"AE02", "width": 3}, {"key":"AE03", "width": 3}, {"key":"AE04", "width": 3}, {"key":"AE05", "width": 3}, {"split":true}, {"key":"AE06", "width": 3}, {"key":"AE07", "width": 3}, {"key":"AE08", "width": 3}, {"key":"AE09", "width": 3}, {"key":"AE10", "width": 3}, {"key":"AE12", "width": 4.5}],
        [{"key":"AD11", "width": 3}, {"key":"AD01", "width": 3}, {"key":"AD02", "width": 3}, {"key":"AD03", "width": 3}, {"key":"AD04", "width": 3}, {"key":"AD05", "width": 3}, {"split":true}, {"key":"AD06", "width": 3}, {"key":"AD07", "width": 3}, {"key":"AD08", "width": 3}, {"key":"AD09", "width": 3}, {"key":"AD10", "width": 3}, {"key":"AD12", "width": 4.5}],
        [{"key":"AC10", "width": 3}, {"key":"AC01", "width": 3}, {"key":"AC02", "width": 3}, {"key":"AC03", "width": 3}, {"key":"AC04", "width": 3}, {"key":"AC05", "width": 3}, {"split":true}, {"key":"AC05", "width": 3}, {"key":"AC06", "width": 3}, {"key":"AC07", "width": 3}, {"key":"AC08", "width": 3}, {"key":"AC09", "width": 3}, {"key":"AC11", "width": 4.5}],
        [{"key":"LFSH", "width": 2}, {"key":"LSGT", "width": 2}, {"key":"AB08", "width": 2}, {"key":"AB01", "width": 3}, {"key":"AB02", "width": 3}, {"key":"AB03", "width": 3}, {"key":"AB04", "width": 3}, {"split":true}, {"key":"AB04", "width": 3}, {"key":"AB05", "width": 3}, {"key":"AB06", "width": 3}, {"key":"AB07", "width": 3}, {"key":"AB09", "width": 3}, {"key":"AB10", "width": 2}, {"key": "BKSP", "width": 2.5}],
        [{"key":"CAPS", "width": 2.5}, {"key":"LCTL", "width": 2.5}, {"key":"LWIN", "width": 2.5}, {"key":"LALT", "width": 2.5}, {"key":"SPCE", "width":8}, {"split":true}, {"key":"SPCE", "width":4}, {"key":"RALT", "width": 2.5}, {"key":"RCTL", "width": 2.5}, {"key":"LEFT", "width": 2.5}, [{"key":"UP", "width": 2.5, "height": 0.5}, {"key":"DOWN", "width": 2.5, "height": 0.5}], {"key":"RGHT", "width": 2.5}, {"key":"RTRN", "width": 3}]
    ]
}