<?xml version="1.0" encoding="UTF-8"?>
<schemalist>
  <schema id="org.gnome.shell.extensions.gjsosk" path="/org/gnome/shell/extensions/gjsosk/">
    <key name="layout-landscape" type="i">
      <default>0</default>
    </key>
    <key name="layout-portrait" type="i">
      <default>0</default>
    </key>
    <key name="portrait-width-percent" type="i">
      <default>100</default>
    </key>
    <key name="portrait-height-percent" type="i">
      <default>30</default>
    </key>
    <key name="landscape-width-percent" type="i">
      <default>70</default>
    </key>
    <key name="landscape-height-percent" type="i">
      <default>30</default>
    </key>
    <key name="enable-drag" type="b">
      <default>true</default>
    </key>
    <key name="background-r" type="d">
      <default>250</default>
    </key>
    <key name="background-g" type="d">
      <default>250</default>
    </key>
    <key name="background-b" type="d">
      <default>250</default>
    </key>
    <key name="background-a" type="d">
      <default>1</default>
    </key>
    <key name="background-r-dark" type="d">
      <default>50</default>
    </key>
    <key name="background-g-dark" type="d">
      <default>50</default>
    </key>
    <key name="background-b-dark" type="d">
      <default>50</default>
    </key>
    <key name="background-a-dark" type="d">
      <default>1</default>
    </key>
    <key name="font-size-px" type="i">
      <default>14</default>
    </key>
    <key name="font-bold" type="b">
      <default>false</default>
    </key>
    <key name="border-spacing-px" type="i">
      <default>2</default>
    </key>
    <key name="outer-spacing-px" type="i">
      <default>20</default>
    </key>
    <key name="snap-spacing-px" type="i">
      <default>25</default>
    </key>
    <key name="round-key-corners" type="b">
      <default>false</default>
    </key>
    <key name="default-snap" type="i">
      <default>7</default>
    </key>
    <key name="default-monitor" type="s">
      <default>"1:0"</default>
    </key>
    <key name="enable-tap-gesture" type="i">
		<default>1</default>
    </key>
    <key name="indicator-enabled" type="b">
      <default>true</default>
    </key>   
    <key name="play-sound" type="b">
		<default>true</default>
    </key>
    <key name="show-icons" type="b">
		  <default>true</default>
    </key>
    <child name="indicator" schema="org.gnome.shell.extensions.gjsosk.indicator"/>
	
  </schema>
  <schema id="org.gnome.shell.extensions.gjsosk.indicator" path="/org/gnome/shell/extensions/gjsosk/indicator/">
  <key name="opened" type="b">
		<default>false</default>
	</key>
	</schema>
</schemalist>
